{
  "android": [
    {
      "id": "android-1",
      "name": "Samsung Galaxy S22",
      "manufacturer": "Samsung",
      "android_version": "13",
      "status": "Online"
    },
    {
      "id": "android-2",
      "name": "Google Pixel 7",
      "manufacturer": "Google",
      "android_version": "14",
      "status": "Offline"
    }
  ],
  "ios": [
    {
      "id": "ios-1",
      "name": "iPhone 14 Pro",
      "manufacturer": "Apple",
      "ios_version": "16.5",
      "status": "Online"
    },
    {
      "id": "ios-2",
      "name": "iPhone 13",
      "manufacturer": "Apple",
      "ios_version": "15.6",
      "status": "Offline"
    }
  ]
}